{"count":1,"self":29.719260799999997,"total":33.697694999999996,"children":{"InitializeSensors":{"count":32,"self":0.0049962999999999995,"total":0.0049962999999999995,"children":null},"AgentSendState":{"count":1437,"self":0.20599789999999998,"total":0.41883129999999996,"children":{"CollectObservations":{"count":9216,"self":0.032963099999999995,"total":0.032963099999999995,"children":null},"CollectDiscreteActionMasks":{"count":9216,"self":0.0479808,"total":0.0479808,"children":null},"RequestDecision":{"count":9216,"self":0.1318895,"total":0.1318895,"children":null}}},"DecideAction":{"count":1437,"self":2.4016691999999997,"total":3.3084868999999997,"children":{"RayPerceptionSensor.Perceive":{"count":18432,"self":0.9068177,"total":0.9068177,"children":null}}},"AgentAct":{"count":1437,"self":0.24412219999999998,"total":0.24412219999999998,"children":null}},"gauges":{"PushBlock.CumulativeReward":{"count":481,"max":4.997,"min":4.91259956,"runningAverage":4.982396,"value":4.9786,"weightedAverage":4.98411131}},"metadata":{"timer_format_version":"0.1.0","start_time_seconds":"1593478664","unity_version":"2018.4.23f1","command_line_arguments":"C:\\Program Files\\Unity\\Hub\\Editor\\2018.4.23f1\\Editor\\Unity.exe -createproject C:\\Users\\Elthon\\UnityPRJs\\AgentesML01 -cloneFromTemplate com.unity.template.3d -cloudOrganization undefined -cloudEnvironment production -useHub -hubIPC -hubSessionId 3b7ae510-b9f4-11ea-8c64-579a13d10e3c","communication_protocol_version":"1.0.0","com.unity.ml-agents_version":"1.1.0-preview","scene_name":"PushBlock","end_time_seconds":"1593478697"}}