{"count":1,"self":11.089656,"total":11.529960599999999,"children":{"InitializeSensors":{"count":12,"self":0.0019860999999999998,"total":0.0019860999999999998,"children":null},"AgentSendState":{"count":315,"self":0.025872299999999997,"total":0.0468014,"children":{"CollectObservations":{"count":756,"self":0.0029974999999999997,"total":0.0029974999999999997,"children":null},"CollectDiscreteActionMasks":{"count":756,"self":0.0049886999999999996,"total":0.0049886999999999996,"children":null},"RequestDecision":{"count":756,"self":0.0129429,"total":0.0129429,"children":null}}},"DecideAction":{"count":315,"self":0.37463379999999996,"total":0.37463379999999996,"children":null},"AgentAct":{"count":315,"self":0.014883799999999999,"total":0.014883799999999999,"children":null}},"gauges":{},"metadata":{"timer_format_version":"0.1.0","start_time_seconds":"1593478632","unity_version":"2018.4.23f1","command_line_arguments":"C:\\Program Files\\Unity\\Hub\\Editor\\2018.4.23f1\\Editor\\Unity.exe -createproject C:\\Users\\Elthon\\UnityPRJs\\AgentesML01 -cloneFromTemplate com.unity.template.3d -cloudOrganization undefined -cloudEnvironment production -useHub -hubIPC -hubSessionId 3b7ae510-b9f4-11ea-8c64-579a13d10e3c","communication_protocol_version":"1.0.0","com.unity.ml-agents_version":"1.1.0-preview","scene_name":"3DBall","end_time_seconds":"1593478643"}}